,index,IP,URL
0,181,71.30.159.140,intermedia.net
1,200,62.48.187.246,www.pornhub.com
2,94,71.46.242.137,linkedin.com
3,244,82.113.12.126,www.http-tunnel.com
4,180,115.84.113.149,raw.githubusercontent.com
5,198,193.30.137.204,www.spinpalace.com
6,71,193.137.21.220,linkedin.com
7,75,115.78.228.123,linkedin.com
8,103,90.216.129.17,linkedin.com
9,131,95.0.18.178,www.hidemyass.com
10,252,199.203.112.247,put.io
11,238,217.11.187.220,xhamster.com
12,126,95.0.231.242,www.hidemyass.com
13,12,120.82.199.15,control-dbee9627e6c18b85.com
14,235,58.185.13.182,dashjr.org
15,153,52.139.184.20,www.harkatulmujahideen.org
16,213,133.72.36.7,www.pogo.com
17,177,59.124.18.145,www.imqq.com
18,195,69.128.51.167,tiktok.com
19,81,221.120.163.243,linkedin.com
20,21,222.66.69.102,samizdat.is
21,222,46.24.10.213,www.http-tunnel.com
22,44,95.85.120.143,www.hidemyass.com
23,211,133.72.36.35,www.pogo.com
24,111,82.114.166.218,www.hidemyass.com
25,108,217.72.80.140,linkedin.com
26,69,193.137.194.27,linkedin.com
27,192,188.247.65.34,www.clubhouseapi.com
28,182,188.247.88.211,mullvad.net
29,34,39.155.236.47,www.radiotavisupleba.ge
30,237,46.20.207.44,xhamster.com
31,10,36.156.84.91,control-94145e71c4d9c529.com
32,93,12.173.217.217,linkedin.com
33,13,223.109.3.165,control-309cdb8961657204.com
34,143,41.33.186.78,www.hidemyass.com
35,136,59.120.201.46,alt3-mtalk.google.com
36,147,200.94.67.22,control-96b1509b20e2f1c3.com
37,70,193.137.194.36,linkedin.com
38,189,83.96.51.124,xhamster.com
39,234,194.158.84.201,wired.com
40,185,41.187.117.196,clubhouse.pubnub.com
41,216,183.91.74.102,fridaysforfuture.org
42,102,176.255.205.152,linkedin.com
43,29,12.227.87.140,help.unhcr.org
44,146,124.29.233.222,telegram.me
45,120,5.37.58.40,www.hidemyass.com
46,96,197.230.141.5,linkedin.com
47,127,85.111.45.200,www.hidemyass.com
48,3,223.111.109.48,control-565be4b39b6a7fc8.com
49,233,180.222.138.148,telegram.org
50,11,120.253.241.67,control-df6b5b1f1ed6668.com
51,63,203.153.18.6,linkedin.com
52,77,193.23.229.84,linkedin.com
53,46,195.226.237.115,linkedin.com
54,49,193.120.150.40,linkedin.com
55,151,59.103.237.77,telegram.me
56,248,50.204.169.145,paloaltonetworks.com
57,8,120.236.186.149,control-87ed2942e3da2232.com
58,187,190.128.91.216,mediafire.com
59,39,212.158.149.199,nflxvideo.net
60,155,175.107.240.20,telegram.me
61,41,171.22.27.161,dns.adguard.com
62,229,185.38.65.100,media-arn2-1.cdn.whatsapp.net
63,107,184.184.232.251,www.hacktivismo.com
64,101,90.216.136.21,linkedin.com
65,72,193.137.197.34,linkedin.com
66,129,212.175.218.151,www.hidemyass.com
67,183,168.187.198.2,sxyprn.com
68,4,120.195.21.141,control-f761a83214a7713c.com
69,132,195.226.121.20,www.dropbox.com
70,106,192.165.96.97,strongvpn.com
71,138,2.17.224.130,www.hidemyass.com
72,217,183.91.74.108,fridaysforfuture.org
73,113,134.0.202.114,www.hidemyass.com
74,250,50.74.23.202,www.brookings.edu
75,115,46.40.239.22,www.hidemyass.com
76,43,82.178.22.133,www.hidemyass.com
77,221,90.85.227.65,www.http-tunnel.com
78,163,58.27.204.37,telegram.me
79,86,68.91.124.162,linkedin.com
80,241,203.97.21.242,dashjr.org
81,16,120.220.81.155,control-2aca9b6f37c9a17f.com
82,73,193.136.189.85,linkedin.com
83,226,213.168.70.46,www.slsknet.org
84,25,163.142.98.237,control-3cba1c14dd01c56f.com
85,24,117.131.115.139,www.refugeesinternational.org
86,156,43.225.98.78,telegram.me
87,122,212.174.147.202,www.hidemyass.com
88,80,110.74.212.22,linkedin.com
89,15,223.111.98.187,control-94681e19cfc6a94b.com
90,33,223.71.31.139,www.riverbelle.com
91,144,62.240.107.174,www.hidemyass.com
92,135,85.111.4.208,www.hidemyass.com
93,23,117.184.125.246,control-a96a3e23bbdb37da.com
94,35,223.72.132.32,samizdat.is
95,68,213.161.10.5,linkedin.com
96,28,58.33.190.142,transsexual.org
97,62,203.49.144.138,linkedin.com
98,116,46.40.237.163,www.hidemyass.com
99,152,58.65.194.228,telegram.me
100,223,181.113.37.197,dashjr.org
101,128,88.255.35.58,www.hidemyass.com
102,2,117.131.83.170,linkedin.com
103,5,27.37.66.111,control-7bd16a42d6a24812.com
104,137,209.90.142.135,xxx.lanl.gov
105,9,112.25.232.206,control-97320fb5f6876c56.com
106,242,217.100.1.178,krunker.io
107,31,120.234.183.21,www.refugeesinternational.org
108,149,117.102.67.26,www.wetplace.com
109,220,154.67.14.243,www.http-tunnel.com
110,92,8.44.204.1,linkedin.com
111,124,212.174.216.52,www.hidemyass.com
112,6,223.68.196.183,control-83e74ca7e6e2d908.com
113,1,223.111.109.51,control-1bba052606ea53ed.com
114,67,190.5.157.145,linkedin.com
115,148,12.71.105.15,alt4-mtalk.google.com
116,254,103.87.152.42,proxy.org
117,190,108.176.97.84,worldofwarcraft.com
118,88,63.148.60.231,linkedin.com
119,48,38.43.133.199,linkedin.com
120,142,213.158.162.62,www.hidemyass.com
121,18,58.255.37.59,control-bc11d256a69c42e5.com
122,99,90.216.152.2,linkedin.com
123,36,39.155.236.139,nflxvideo.net
124,65,203.153.18.4,linkedin.com
125,20,111.62.197.99,control-1f590f4a91349b30.com
126,121,212.174.147.25,www.hidemyass.com
127,55,193.146.253.11,linkedin.com
128,87,65.126.134.231,linkedin.com
129,193,177.174.19.133,www.blizzard.com
130,54,193.15.176.29,linkedin.com
131,199,95.0.122.7,www.globalpride2020.org
132,119,78.188.52.163,www.hidemyass.com
133,208,12.149.239.159,teamviewer.com
134,30,120.197.107.139,linkedin.com
135,112,185.73.171.106,www.hidemyass.com
136,161,168.187.218.3,www.youporn.com
137,84,64.92.163.137,linkedin.com
138,123,85.111.37.11,www.hidemyass.com
139,166,178.20.187.1,tiktok.com
140,125,85.111.37.24,www.hidemyass.com
141,79,195.46.232.198,linkedin.com
142,26,183.195.146.136,linkedin.com
143,256,195.228.71.40,www.http-tunnel.com
144,19,111.62.197.138,control-fe47ce8880a54910.com
145,32,98.153.56.155,messagevortex.net
146,100,176.255.205.5,linkedin.com
147,118,134.0.203.161,www.hidemyass.com
148,141,195.178.83.67,bitrix24.ru
149,97,90.216.137.118,linkedin.com
150,170,181.30.96.11,tiktok.com
151,110,82.114.168.59,www.hidemyass.com
152,162,186.179.201.93,instagram.com
153,130,95.0.108.130,www.hidemyass.com
154,89,72.205.190.68,linkedin.com
155,7,120.193.19.106,control-eb89bf06bd692de2.com
156,50,91.202.112.2,linkedin.com
157,164,202.142.169.244,telegram.me
158,246,206.192.67.4,dashjr.org
159,210,70.63.28.151,worldofwarcraft.com
160,228,201.205.255.35,www.sputniknews.cn
161,173,178.23.21.254,www.snapchat.com
162,64,116.255.21.165,linkedin.com
163,207,96.27.102.170,worldofwarcraft.com
164,160,124.29.207.131,telegram.me
165,176,71.113.138.13,github.com
166,191,50.200.247.242,tiktok.com
167,140,195.178.83.77,bitrix24.ru
168,169,168.187.52.228,www.youporn.com
169,85,4.1.18.182,linkedin.com
170,230,83.150.7.6,www.omct.org
171,203,161.132.119.164,control-197ab5e7de99f439.com
172,105,185.64.220.209,www.hidemyass.com
173,231,63.245.126.75,www.jackpotcitycasino1.com
174,206,209.181.113.149,worldofwarcraft.com
175,133,79.110.207.130,www.hidemyass.com
176,61,194.78.154.102,linkedin.com
177,98,90.216.129.15,linkedin.com
178,186,190.12.36.35,www.appzplanet.com
179,171,213.81.205.81,lbry.org
180,74,193.137.236.51,linkedin.com
181,218,62.77.224.162,grammarly.com
182,204,125.60.29.116,raw.githubusercontent.com
183,0,117.131.83.178,control-9ab38f1548ef7687.com
184,134,117.102.94.92,www.wetplace.com
185,83,96.9.70.171,linkedin.com
186,22,36.134.199.88,control-281c7b8bd91e9076.com
187,117,85.154.22.195,www.hidemyass.com
188,239,212.160.139.219,www.http-tunnel.com
189,225,193.58.253.17,doh.centraleu.pi-dns.com
190,109,82.114.168.62,www.hidemyass.com
191,236,82.147.208.227,www.viber.com
192,59,193.47.100.54,linkedin.com
193,227,193.30.137.200,www.subscribestar.com
194,158,79.190.20.109,tiktok.com
195,243,211.25.225.111,pinboard.in
196,215,124.158.154.164,ddns.net
197,224,186.46.222.115,dashjr.org
198,172,195.178.63.48,raw.githubusercontent.com
199,214,111.171.201.155,msn.cn
200,165,170.250.47.67,tiktok.com
201,179,85.252.181.84,raw.githubusercontent.com
202,78,193.215.143.174,linkedin.com
203,194,94.56.136.92,tumblr.com
204,178,181.41.35.130,raw.githubusercontent.com
205,249,138.2.119.243,forum.mhut.org
206,42,82.178.22.138,www.hidemyass.com
207,40,36.153.214.235,control-8fb800226e6555fa.com
208,58,179.51.77.174,linkedin.com
209,104,27.147.240.244,linkedin.com
210,212,133.72.1.100,www.pogo.com
211,66,203.49.142.2,linkedin.com
212,56,193.146.253.154,linkedin.com
213,27,221.181.87.71,control-ea5891d801199f0e.com
214,150,186.151.235.41,control-d615e0b5c7976163.com
215,82,119.82.249.215,linkedin.com
216,184,41.33.124.40,clubhouse.pubnub.com
217,57,200.88.112.197,linkedin.com
218,188,65.75.73.110,www.fark.com
219,145,83.96.12.6,www.youporn.com
220,232,31.179.227.47,www.http-tunnel.com
221,114,37.200.229.121,www.hidemyass.com
222,154,186.151.235.44,control-1a8f996f1d673685.com
223,219,196.25.143.69,googlevideo.com
224,247,96.3.212.126,geti2p.net
225,76,200.60.77.146,linkedin.com
226,60,213.181.36.40,linkedin.com
227,205,125.60.21.112,raw.githubusercontent.com
228,14,223.111.98.149,control-120a5148370adefa.com
229,90,63.193.77.251,linkedin.com
230,157,124.29.207.132,telegram.me
231,159,125.209.124.97,telegram.me
232,174,178.23.21.253,www.snapchat.com
233,253,182.16.173.68,kickasstorrents.to
234,168,207.59.141.182,lookaside.facebook.com
235,209,96.27.102.172,worldofwarcraft.com
236,196,196.33.46.226,ok.ru
237,45,95.85.120.114,www.hidemyass.com
238,53,62.142.59.84,linkedin.com
239,51,168.187.99.42,linkedin.com
240,175,191.98.186.229,aliexpress.com
241,201,195.136.51.53,www.pornhub.com
242,91,38.99.42.211,linkedin.com
243,251,103.55.73.64,www.fondationdefrance.org
244,52,212.247.21.204,linkedin.com
245,197,212.142.136.22,www.guerrillagirls.com
246,255,195.228.71.42,www.http-tunnel.com
247,95,4.1.18.122,linkedin.com
248,202,200.108.110.131,censored.tv
249,47,138.255.152.230,linkedin.com
250,38,37.152.187.123,behance.net
251,167,168.187.198.32,badoo.com
252,139,212.2.108.226,washingtonpost.com
253,17,120.197.107.140,control-73ef9f05b9da7a3e.com
254,245,211.61.36.92,gisanddata.maps.arcgis.com
255,37,185.167.73.34,youku.com
256,240,203.87.166.47,www.livejournal.com
